Sentences,Type,Polarity
Uma √≥tima op√ß√£o para quem leva uma vida saud√°vel e quer matar aquela vontade de comer um sanduba mega gorduroso.,1,1
Simplesmente amo!,1,1
Sempre pe√ßo o de carne com os diversos itens que podem ser escolhidos.,0,0
"Os sucos tamb√©m s√£o maravilhosos e ado√ßados com mel, amo o de lim√£o, laranja e abacaxi.",1,1
O pedido sai em menos de 5 minutos e o pre√ßo √© justo.,1,0
"O tendimento n√£o √© dos melhores, mas o sabor e o pre√ßo do mist√£o especial do mar foi excelente.",1,0
Pretendo voltar outras vezes.,0,0
o prato serviu 4 adultos muito bem.,0,0
Estava uma del√≠cia.,1,1
atendentes precisam de melhor treinamento.,1,-1
"Comida,atendimento  e pre√ßo excelentes!",1,1
"O melhor que visitamos na cidade, vale super a pena conhecer e experimentar a cerne do cheff",1,1
Fomos comemorar anivers√°rio de casamento.,0,0
"Levamos nosso filho, pois tem op√ß√£o infantil super gostosa.",0,0
Os gar√ßons foram super simp√°ticos e atenciosos.,1,1
E a respons√°vel pelas reservas foi super sol√≠cita com as surpresas que meu marido quis fazer!,1,1
Adoramos a comida e o ambiente!,1,1
"Pra quem gosta de pizza de r√∫cula e tomate seco com LAGARTA, boa sorte...

Fui ao restaurante, pedi uma pizza de r√∫cula com tomate e seco.",1,-1
"At√© ai, tudo bem.",0,0
S√≥ n√£o sabia que ela tamb√©m viria com um tempero bem especial: uma LAGARTA!,1,-1
Em geral guardo a nota m√°xima para lugares realmente destacados.,0,0
"Voltei ao local depois de ficar encantado com um nhoque com carne de panela, e mais uma vez provei algo superior, almondega gigante com castanha e ervas.",1,1
Uma bela experi√™ncia,1,1
"Petisco muito bom ,com aquela gelada junto com os amigos pra conversar .sempre que posso dou uma passadinha l√°",1,1
Melhor massa que j√° comi.,1,1
Mereceo pr√™mio.,1,1
Falta uma massa b√°sica com molho de tomate freaco no card√°pio.,1,-1
A massa recheada √© dez.,1,1
Um cabelo de anjo ou um assa recheada com queijo seria bom.,1,0
Melhor burrata com tomatinho.,1,1
"Com uma sofistica√ß√£o rara de se encontrar no M√©ier, o Bob√¥ se destaca por sua gastronomia peculiar.",1,1
"O pre√ßo, infelizmente, n√£o fica atr√°s.",1,-1
"T√≠pico para eventos especiais ou um aquele final de semana, o restaurante re√∫ne um bom ambiente interno.",1,1
"Externamente, √© preciso aten√ß√£o para, no hor√°rio do almo√ßo, n√£o ficar muito exposto ao sol.",0,0
A boa ent√£o fica com os combos de mini sandu√≠ches.,1,1
"Tamb√©m recomendo as promo√ß√µes de domingo (em particular, a feijoada √© a melhor rela√ß√£o custo-benef√≠cio).",1,1
"Enfim, tem tudo para dar certo por ser um bom restaurante.",0,0
S√≥ n√£o abuse ou seu bolso reclamar√°.,0,0
Comida muito bem feita e muito boa.,1,1
Ambiente agrad√°vel.,1,1
Frutos do mar muito bem servidos.,1,1
Risotos maravilhosos.,1,1
Pena a carta de vinhos.,1,-1
Valores absurdos muito acima da m√©dia.,1,-1
"√ìtimo ambiente, e comida preparada no capricho.",1,1
"Destaque negativo para o atendimento que presenciamos tentar levar os novos clientes ao pior lugar do restaurante (de canto, ao lado de onde armazenam comidas) e para a cobran√ßa de 12% de servi√ßo.",1,-1
Massa fresca deliciosa com bons ingredientes.,1,1
Frutos do mar frescos.,1,0
Aspecto negativo apenas o pre√ßo dos vinhos.,1,0
"muito bem servido, prato para 2, pre√ßo razoavel, musica ao vivo, logico tem couvert artistico, a noite dependendo do dia da semana tem show de stand up, da pra divertir comendo m camar√£o",1,1
"Um rodizio de caldos classicos  de Minas, feijao, verde, mandioca, canjiquinha e canjica.",0,0
A caneca de chopp muito gelada e com chopp escuro.,1,1
Otima pedida de fim de trabalho a noite.,1,1
"Culin√°ria local, com outras op√ß√µes, fog√£o a lenha, sobremesas caseiras.",0,0
Pre√ßo bem interessante.,1,1
Bom atendimento.,1,1
"O restaurante √© simples, mas com boa comida e pre√ßo justo.",1,1
Por√ß√µes bem servidas e o p√£o de alho √© um dos melhores que j√° comi.,1,1
Tamb√©m gosto muito do caranguejo.,1,1
"Os drinks s√£o incr√≠veis, principalmente os com gin.",1,1
"A comida uma delicia (os palitos de tapioca s√£o de babar) e as mesinhas na rua, com luzinhas e um som MARA.",1,1
Recomendo muito!,1,1
Comida muito boa e v√°rias op√ß√µes de cervejas artesanais.,1,1
O pre√ßo √© compativel com restaurantes em shopping.,1,0
"Atendimento, comidas e ambiente impec√°veis.",1,1
J√° fui v√°rias vezes e sempre com o mesmo padr√£o.,0,0
Happy Hour maravilhoso.,1,1
A comida sai r√°pido.,1,1
"Muitos atrativos para as crian√ßas, comida de excelente qualidade, ambiente maravilhoso e de extremo bom gosto!",1,1
"Costumo almo√ßar neste restaurante, pois o lugar √© agradavel, com ar condicionado e tv.",1,1
"A comida √© muito boa, com destaque para o mignon a parmegiana.",1,1
"O atendimento √© ruim, os gar√ßons n√£o fazem quest√£o de serem simpaticos e nem te agradar, mas a comida compensa.",1,-1
O pre√ßo √© compativel com a regi√£o.,1,0
N√£o tem Wi fi.,1,-1
O lugar em si √© pequeno e possui poucas mesas.,1,-1
"Justamente isso faz com que o ambiente se transforme na ""sala de casa"".",0,0
A decora√ß√£o com pe√ßas vintage faz voc√™ olhar para todos os lados procurando mais detalhes.,0,0
Simpatia √© a alma no atendimento!!,1,1
Os bolos s√£o confeccionados em cozinha pr√≥pria e passam por testes de ajustes de receitas.,0,0
"Super indico os de Banana Toffee, Banana com chocolate branco e (meu favorito) RedVelvet.",1,1
"Comida servida com muita rapidez, p√£o com fabrica√ß√£o pr√≥pria e delicioso.",1,1
"Bom ambiente, boa comida, atendimento e pre√ßos razo√°veis.",1,1
Vale conferir !!,1,1
"Dificuldades para vagas, mas tem vele com pre√ßo salgado.",1,-1
Jantar do dia dos namorados perfeito!,1,1
Card√°pio especial para o dia.,0,0
Atendimento e servi√ßo impec√°vel!,1,1
Os pratos estavam divinos!!!,1,1
"Sugest√£o de pratos : bolinho de bacalhau,  Fil√© Agaricus e Creme Brulle.",0,0
"√ìtimo comida e atendimento, ambiente muito agrad√°vel para casais ou apenas para fazer um happy hour .",1,1
Pedimos um Camar√£o na moranga (prato para 2 pessoas) mas que d√° para comer 3 pessoas tranquilo!,1,1
Os pratos custam em m√©dia entre R$70 a R$100 (que serve para 2 pessoas a 3 pessoas).,0,0
Melhor restaurante de carnes nobres de BH  servi√ßo  e atendimento nota mil gar√ßons e gerente muito atenciosos recomendo sim.,1,1
"Quando estava planejando minha viagem para Fortaleza sempre lia que deveria conhecer esta barraca de praia, mas nunca imaginei que o que eles chamam de barraca √© na verdade um clube de praia.",0,0
"Eu adorei o local, tem uma decora√ß√£o lind√≠ssima, piscina, restaurante com v√°rios tipos de comida e mesas com cofre para quem vai passar o dia na praia.",1,1
"Nas noites de quinta-feira tem o show de humor, banda ao vivo e muita gente bonita.",0,0
Recomendo!!,1,1
Pratos bem elaborados com um toque de sofistica√ß√£o.,1,1
Muito boa a mistura de temperos com banana.,1,1
"Pre√ßos um pouco ""salgados"".",1,-1
Vamos direto ao ponto: o lanche principal (Harley D.) √© sensacional.,1,1
"O hamb√∫rguer n√£o √© grande, mas √© gostoso, vem no ponto certo.",1,1
Os ingredientes s√£o de primeira e o lanche chega cuidadosamente montado e preparado.,1,1
"N√£o tem o ""glamour"" das novas lanchonetes gourmets nem aquela decora√ß√£o moderninha.",0,0
"√â um restaurante tradicional, simples e gostoso.",1,1
Vale tamb√©m uma men√ß√£o honrosa a maionese da casa (deliciosa) e as boas pedidas de breja 600 (Amstel e Heineken),1,1
"Numa rua calma do bairro Moinhos de Vento, um amigo me levou √† este lugar encantador .",0,0
"seguimos a sugest√£o do Chef e nos deliciamos com uma salada de mix de folhas verdes, um fil√©-mignon e de sobremesa creme brull√© .",1,1
Adorei conhecer este lugar e na certa voltarei!,1,1
"Atendimento bem receptivo como toda Salvador tem, achei bem tumultuada mas fui em um dia que a praia estava lotada, sentamos tomamos um refri, a passagem foi bem r√°pida pelo local.",1,0
"Anselmo, esse √© o nome!",0,0
Pode procur√°-lo que ele ser√° super solicito e te guiar√° nas melhores op√ß√µes e r√°pido atendimento.,1,1
Qualidade impec√°vel como sempre.,1,1
"Tudo muito bom, ambiente, atendimento, qualidade da comida.",1,1
"Para quem est√° a procura de um momento agrad√°vel bem servido e comida de qualidade, vale muito a pena conhecer.",1,1
Super indico,1,1
"O restaurante fechou e, de acordo com a informa√ß√£o na porta, encerraram de vez as opera√ß√µes.",0,0
Fiquei muito triste.,1,-1
Quando voc√™ chega no ambiente j√° percebe a cultura cuiabana por todo o local.,0,0
O cheirinho de carne que exala das mesas que j√° foram atendidas √© um enorme convite a degusta√ß√£o de um prato da casa.,1,1
"O carro chefe do restaurante √© o famoso ""Cupim na Telha"", uma por√ß√£o de lascas de cupim acompanhado de mandioca, arroz, fritas, vinagrete e farofa muito bem servida que faz dar √°gua na boca de qualquer carn√≠voro!",1,1
Tem um amplo estacionamento e o atendimento √© de primeira linha!,1,1
"Lugar aconchegante, ambiente muito lindo!",1,1
"Atendimento √≥timo, e banheiros super limpos (o que √© raro no Rio de Janeiro).",1,1
"Indico a caipivodka de cupua√ßu com a costeleta de tambaqui, pre√ßos justos
Uma √≥tima m√∫sica ao vivo na sexta feira",1,1
"Restaurante amplo e tem√°tico, com servi√ßo self-service e buffet com boa variedade de pratos.",1,1
Tem um ambiente descontra√≠do e agrad√°vel.,1,1
Uma op√ß√£o interessante e com deliciosos pratos.,1,1
De negativo o pre√ßo um pouco caro.,1,-1
"Quando fui a Rio Branco n√£o esperava que teria a grande satisfa√ß√£o em conhecer um restaurante √°rabe de tamanha qualidade, complementado por excelente atendimento e ambiente agradabil√≠ssimo!",1,1
"Na disputa para melhorar hamburqueria da cidade ,  essa casa aparece como um forte concorrente impec√°vel na apresenta√ß√£o e qualidade dos pratos.",1,1
Op√ß√µes f√°ceis para montagem dos sandu√≠ches e boa lista de cervejas.,1,1
Mas a grande surpresa √© o rod√≠zio de acompanhamentos.,1,0
"Um mais gostoso e surpreendente que o outro
Ambiente aconchegante e elegante
Atendimento bom e bem treinado
Experi√™ncia maravilhosa",1,1
"A comida √© √≥tima, normalmente pedimos uma por√ß√£o grande de cupim no rechaud e comemos em torno de 4 pessoas, os acompanhamentos s√£o pequenos, mas a carne serve todos.",1,1
"A vista para o mar √© muito linda, mas normalmente venta bastante e acaba esfriando a comida rapidamente.",1,0
O atendimento j√° foi melhor..,1,-1
S√≥ faltou a pizza de sorvete!,1,0
Mas foi tudo perfeito!,1,1
Os gar√ßons s√£o espetaculares... √≥tima experi√™ncia... voltaremos üòÜ,1,1
"√â inacredit√°vel, mas ainda tem lanchonetes que utilizam o tal do apresuntado em seus lanches.",1,-1
"Podem at√© falar bem do local, mas para mim parou por a√≠, pois √© um produto de m√° qualidade que √© empregado em seus lanches, e n√£o h√° outra justificativa, que n√£o seja a economia.",1,-1
"Al√©m disso, espera-se no m√≠nimo 45 min pelo lanche.",1,-1
Pelo que se paga tem op√ß√£o muito melhor na regi√£o.,1,-1
Desanimador!,1,-1
J√° fui in√∫meras vezes ao Quitinete ( na esperan√ßa de que o servi√ßo melhorasse) mas nao teve jeito!,1,-1
"Os gar√ßons, no geral, tem um humor horroroso... E os pre√ßos nao sao os melhores.",1,-1
"Sempre me irrito quando vou l√°, sempre!",1,-1
Fomos no Amado comemorar meu anivers√°rio com o meu marido.,0,0
Atendimento excelente e gar√ßons atentos.,1,1
"Pedi um risoto de lingui√ßa acompanhado do vinho da casa, indicado pelo maitre.",0,0
"Tente sentar na varanda, e ir a noite com o c√©u claro.",1,0
O mar √© lindo e calmo.,0,0
Excelente pedida para um jantar a 2.,1,1
"Os pre√ßos s√£o salgados, ent√£o √© um restaurante para ir numa ocasi√£o especial, sem se preocupar muito com a conta no final.",1,0
Comi apenas sanduiches de pao arabe e comum.,0,0
O pre√ßo √© √≥timo e o lanche √© de primeira qualidade.,1,1
Recomendo.,1,1
Lugar bem decorado e agrad√°vel.,1,1
Excelente atendimento.,1,1
Pizza deliciosa.,1,1
Tudo isso acompanhado de boa m√∫sica ao vivo.,1,1
Recomendo muito.,1,1
Execelente atendimento e comida deliciosa.,1,1
Camar√£o internacional e Camar√£o Olinda.,0,0
Vale a pena visitar o restaurante para qualquer tipo de encontro.,1,0
Seja com a fam√≠lia ou com amigos.,0,0
O Camar√µes faz jus √† sua fama.,1,1
As por√ß√µes s√£o bem servidas e os camar√µes s√£o enormes.,1,1
O ambiente √© muito bacana e o atendimento totalmente impec√°vel.,1,1
Recomendo EFUSIVAMENTE.,1,1
Gostei muito do lugar!,1,1
"Bonito,  bom astral, cerveja gelada e as bandas...demais!",1,1
Valeu a noite.,1,0
O rev√©s √© que a partir das 22h eles deixam de vender o chopp e se comercializam longneck.,1,-1
Nada haver!,0,0
"O restaurante fica no terra√ßo do Hotel Unique, com vis√£o panor√¢mica de S√£o Paulo.",0,0
"O atendimento √© muito bom, a comida excelente.",1,1
"O pre√ßo √© alto, mas compat√≠vel com o que o restaurante oferece.",1,0
√önico ponto negativo foi que no dia estava muito quente e o sistema de ar condicionado n√£o atendeu √† necessidade.,1,-1
Nota 10!,1,1
Imposs√≠vel ir a Natal e n√£o visit√°-lo v√°rias vezes!,1,1
"Pratos deliciosos, de excelente qualidade e pre√ßo justo.",1,1
"Otimo restaurante, o Sr Mesquita nos atendeu e fomos super bem atendidos, com certeza voltarei aqui obrigado",1,1
"O √∫ltimo outback que visitei foi o do shopping Higien√≥polis, em S√£o Paulo.",0,0
Muito bom!,1,1
Ambiente acolhedor.,1,1
Atendimento quase personalizado.,0,0
Serve entrada com um delicioso p√£o.,1,1
O chope... Hum...divino!,1,1
Po√ß√µes grandiosas e sabor maravilhoso.,1,1
A costela de porco com barbecue nota 1000.,1,1
Experimentamos e aprovamos os mini hamb√∫rgueres.,1,1
Bons!,1,1
Destaque para as sobremesas!,1,1
"Comida, sobremesa, ambiente e servi√ßo maravilhosos.",1,1
Pratos bem preparados e diferentes.,1,1
"Com m√∫sica ao vivo , voz e viol√£o.",0,0
Recomendo com louvor!,1,1
Fomos (2 casais) experimentar esse Ragazzo (Jardim Marajoara) no √∫ltimo domingo dia 29 de Outubro.,0,0